{"id": "644067757234716672", "username": "Leonides", "discriminator": 7056, "email": "leonides.arcueno@gmail.com", "verified": true, "avatar_hash": null, "has_mobile": true, "needs_email_verification": false, "premium_until": null, "flags": 10445360463872, "phone": "+639157748890", "temp_banned_until": null, "ip": "110.54.178.144", "settings": {"locale": "en-US", "show_current_game": true, "restricted_guilds": [], "default_guilds_restricted": false, "inline_attachment_media": true, "inline_embed_media": true, "gif_auto_play": true, "render_embeds": true, "render_reactions": true, "animate_emoji": true, "enable_tts_command": true, "message_display_compact": false, "convert_emoticons": true, "explicit_content_filter": 1, "disable_games_tab": false, "theme": "light", "developer_mode": false, "guild_positions": [], "detect_platform_accounts": true, "status": "online", "afk_timeout": 600, "timezone_offset": -480, "stream_notifications_enabled": true, "allow_accessibility_detection": false, "contact_sync_enabled": false, "native_phone_integration_enabled": true, "animate_stickers": 0, "friend_source_flags": {"all": true}, "guild_folders": [], "custom_status": null}, "connections": [{"type": "facebook", "id": "992656031068783", "name": "Leonides M. Arcueno", "revoked": false, "visibility": 1, "friend_sync": true, "show_activity": true, "verified": true}], "external_friends_lists": [{"user_id": "644067757234716672", "platform_type": "facebook", "name": "Leonides M. Arcueno", "id_hash": "992656031068783", "friend_id_hashes": []}], "friend_suggestions": [], "mfa_sessions": [], "relationships": [], "payments": [], "payment_sources": [], "guild_settings": [], "library_applications": [], "entitlements": [], "user_activity_application_statistics": [], "notes": {}}